{"stats":{"minecraft:custom":{"minecraft:jump":13,"minecraft:time_since_rest":701,"minecraft:leave_game":1,"minecraft:crouch_one_cm":49,"minecraft:sprint_one_cm":2768,"minecraft:play_time":701,"minecraft:time_since_death":701,"minecraft:walk_one_cm":2358,"minecraft:sneak_time":38,"minecraft:total_world_time":701,"minecraft:fly_one_cm":1795},"minecraft:used":{"minecraft:dirt":1,"minecraft:sand":2},"minecraft:picked_up":{"minecraft:sand":2,"minecraft:dirt":1},"minecraft:mined":{"minecraft:grass_block":1,"minecraft:sand":2}},"DataVersion":3465}